<?xml version="1.0" encoding="UTF-8"?><ValueSet xmlns="http://hl7.org/fhir"><id value="EyeColorVS"/><text><status value="generated"/><div xmlns="http://www.w3.org/1999/xhtml"><p class="res-header-id"><b>Narratif généré : EnsembleValeurs EyeColorVS</b></p><a name="EyeColorVS"> </a><a name="hcEyeColorVS"> </a><ul><li>Include ce(s) code(s) tel quil(s) est (sont) défini(s) dans <a href="http://www.snomed.org/"><code>http://snomed.info/sct</code></a><span title="La version nest pas explicitement indiquée. Aucun {0} correspondant trouvé"> version Non précisé (utilise la dernière version provenant du serveur de terminologie)</span><table class="none"><tr><td style="white-space:nowrap"><b>Code</b></td><td><b>Affichage</b></td></tr><tr><td><a href="http://snomed.info/id/405738005">405738005</a></td><td>Blue color</td></tr><tr><td><a href="http://snomed.info/id/371254008">371254008</a></td><td>Brown color</td></tr><tr><td><a href="http://snomed.info/id/54662009">54662009</a></td><td>Green color</td></tr></table></li></ul></div></text><url value="https://interop.esante.gouv.fr/ig/fhir/[code]/ValueSet/EyeColorVS"/><version value="0.1.0"/><name value="EyeColorVS"/><title value="EyeColor Value Set"/><status value="draft"/><date value="2025-12-08T10:44:14+00:00"/><publisher value="Agence du Numérique en Santé (ANS) - 2-10 Rue d'Oradour-sur-Glane, 75015 Paris"/><contact><name value="Agence du Numérique en Santé (ANS) - 2-10 Rue d'Oradour-sur-Glane, 75015 Paris"/><telecom><system value="url"/><value value="https://esante.gouv.fr"/></telecom></contact><description value="Different eye colors."/><jurisdiction><coding><system value="urn:iso:std:iso:3166"/><code value="FR"/><display value="FRANCE"/></coding></jurisdiction><compose><include><system value="http://snomed.info/sct"/><concept><code value="405738005"/><display value="Blue color"/></concept><concept><code value="371254008"/><display value="Brown color"/></concept><concept><code value="54662009"/><display value="Green color"/></concept></include></compose></ValueSet>