<?xml version="1.0" encoding="UTF-8"?><SearchParameter xmlns="http://hl7.org/fhir"><id value="TDE-AuditEvent-period-start"/><text><status value="generated"/><div xmlns="http://www.w3.org/1999/xhtml"><p class="res-header-id"><b>Narratif généré : ParamètreRecherche TDE-AuditEvent-period-start</b></p><a name="TDE-AuditEvent-period-start"> </a><a name="hcTDE-AuditEvent-period-start"> </a><h2>TDE_AuditEvent_period-start</h2><p>Paramètre <code>period-start</code>:<code>date</code></p><div><p>Paramètre de recherche créé pour le volet TdE de manière à pouvoir utiliser comme critère de recherche l'élément AuditEvent.period.start correspondant à l'objet dateOccurence</p>
</div><table class="grid"><tr><td>Ressource</td><td><a href="http://hl7.org/fhir/R4/auditevent.html">AuditEvent</a></td></tr><tr><td>Expression</td><td><code>AuditEvent.period.start</code></td></tr><tr><td>Multiples</td><td><ul><li>multipleAnd : Le paramètre peut se répéter pour spécifier plusieurs valeurs qui doivent toutes être vraies</li><li>multipleOr : Le paramètre peut avoir plusieurs valeurs (séparées par des virgules) dont au moins une doit être vraie</li></ul></td></tr><tr><td>Comparateurs</td><td>Autorisé : eq, ne, gt, lt, ge, le, sa, eb, ap</td></tr></table></div></text><url value="https://interop.esante.gouv.fr/ig/fhir/tde/SearchParameter/TDE-AuditEvent-period-start"/><version value="2.0.0"/><name value="TDE_AuditEvent_period-start"/><status value="active"/><date value="2026-01-30T15:44:16+00:00"/><publisher value="Agence du Numérique en Santé (ANS) - 2-10 Rue d'Oradour-sur-Glane, 75015 Paris"/><contact><name value="Agence du Numérique en Santé (ANS) - 2-10 Rue d'Oradour-sur-Glane, 75015 Paris"/><telecom><system value="url"/><value value="https://esante.gouv.fr"/></telecom></contact><description value="Paramètre de recherche créé pour le volet TdE de manière à pouvoir utiliser comme critère de recherche l'élément AuditEvent.period.start correspondant à l'objet dateOccurence"/><jurisdiction><coding><system value="urn:iso:std:iso:3166"/><code value="FR"/><display value="FRANCE"/></coding></jurisdiction><code value="period-start"/><base value="AuditEvent"/><type value="date"/><expression value="AuditEvent.period.start"/><multipleOr value="true"/><multipleAnd value="true"/><comparator value="eq"/><comparator value="ne"/><comparator value="gt"/><comparator value="lt"/><comparator value="ge"/><comparator value="le"/><comparator value="sa"/><comparator value="eb"/><comparator value="ap"/></SearchParameter>